<genxml>
  <hidden>
    <index datatype="double">99</index>
  </hidden>
  <textbox>
    <ctrl update="save">os_allshipping</ctrl>
    <name update="save">OS_AllShipping</name>
    <icon update="save" />
    <group update="save">Shipping</group>
    <path update="save">/DesktopModules/NBright/OS_AllShipping/OS_AllShippingAdmin.ascx</path>
    <help update="save" />
    <description update="save" />
  </textbox>
  <checkbox>
    <hidden update="save">False</hidden>
  </checkbox>
  <dropdownlist />
  <checkboxlist>
    <securityroles update="save">
      <chk value="True" data="Administrators">Administrators</chk>
      <chk value="False" data="Manager">Manager</chk>
      <chk value="False" data="Editor">Editor</chk>
      <chk value="False" data="ClientEditor">ClientEditor</chk>
    </securityroles>
  </checkboxlist>
  <radiobuttonlist />
  <interfaces>
    <genxml>
      <files />
      <hidden />
      <textbox>
        <assembly>OS_AllShipping</assembly>
        <namespaceclass>OS_AllShipping.Components.HomeDelivery</namespaceclass>
      </textbox>
      <checkbox>
        <active>True</active>
      </checkbox>
      <dropdownlist>
        <providertype>02</providertype>
      </dropdownlist>
      <checkboxlist />
      <radiobuttonlist />
    </genxml>
    <genxml>
      <files />
      <hidden />
      <textbox>
        <assembly>OS_AllShipping</assembly>
        <namespaceclass>OS_AllShipping.Components.UniMartPickup</namespaceclass>
      </textbox>
      <checkbox>
        <active>True</active>
      </checkbox>
      <dropdownlist>
        <providertype>02</providertype>
      </dropdownlist>
      <checkboxlist />
      <radiobuttonlist />
    </genxml>
    <genxml>
      <files />
      <hidden />
      <textbox>
        <assembly>OS_AllShipping</assembly>
        <namespaceclass>OS_AllShipping.Components.FamiPickup</namespaceclass>
      </textbox>
      <checkbox>
        <active>True</active>
      </checkbox>
      <dropdownlist>
        <providertype>02</providertype>
      </dropdownlist>
      <checkboxlist />
      <radiobuttonlist />
    </genxml>
    <genxml>
      <files />
      <hidden />
      <textbox>
        <assembly>OS_AllShipping</assembly>
        <namespaceclass>OS_AllShipping.Components.HiLifePickup</namespaceclass>
      </textbox>
      <checkbox>
        <active>True</active>
      </checkbox>
      <dropdownlist>
        <providertype>02</providertype>
      </dropdownlist>
      <checkboxlist />
      <radiobuttonlist />
    </genxml>
    <genxml>
      <files />
      <hidden />
      <textbox>
        <assembly>OS_AllShipping</assembly>
        <namespaceclass>OS_AllShipping.AjaxProvider</namespaceclass>
      </textbox>
      <checkbox>
        <active>True</active>
      </checkbox>
      <dropdownlist>
        <providertype>12</providertype>
      </dropdownlist>
      <checkboxlist />
      <radiobuttonlist />
    </genxml>
  </interfaces>
</genxml>